Feature,File,Issue Type,Line Reference,Current Code Problem,Recommended Fix,Severity,Verification Status
,,,,,,,,
=== BuddySystem Code Issues (VERIFIED) ===,,,,,,,,
BuddySystem,src/utils/buddySystem.ts,Implicit Any,239,"filter(m => m.importance >= 7)","filter((m: Memory) => m.importance >= 7)",Medium,VERIFIED - Line 239 in getAIContext()
BuddySystem,src/utils/buddySystem.ts,Implicit Any,240,"sort((a, b) => b.importance - a.importance)","sort((a: Memory, b: Memory) => b.importance - a.importance)",Medium,VERIFIED - Line 240 in getAIContext()
BuddySystem,src/utils/buddySystem.ts,Implicit Any,245,"importantMemories.forEach(memory => {","importantMemories.forEach((memory: Memory) => {",Medium,VERIFIED - Line 245 in getAIContext()
BuddySystem,src/utils/buddySystem.ts,Implicit Any,253,"profile.personalContext.slice(-5).forEach(ctx => {","profile.personalContext.slice(-5).forEach((ctx: string) => {",Low,VERIFIED - Line 253 in getAIContext()
BuddySystem,src/utils/buddySystem.ts,Verified Import,2,"import type { Message } from './conversationManager'","ConversationManager.ts EXISTS and exports Message interface - import is VALID",Info,VERIFIED - conversationManager.ts exists with Message export
BuddySystem,src/utils/buddySystem.ts,Random Logic,275,"Math.random() > 0.7 for interest tracking","Use frequency count or LRU pattern instead. Currently randomly adds 30% of topics to interests.",Medium,VERIFIED - Line 275 in analyzeInteractionPattern()
BuddySystem,src/utils/buddySystem.ts,Magic Number,64,"contextSizeLimit = 8000","Export as CONFIG constant: export const BUDDY_CONFIG = { CONTEXT_SIZE_LIMIT: 8000 }",Low,VERIFIED - Line 64 private field
,,,,,,,,
=== SSE Streaming Code Issues (VERIFIED) ===,,,,,,,,
SSE Streaming,AMMAP-Code.txt (stream.py),Missing Import,N/A,"json.dumps used but json not imported","Add 'import json' at top of file in backend/app/api/stream.py",Critical,VERIFIED - json.dumps() called without import
SSE Streaming,AMMAP-Code.txt (stream.py),No Error Details,N/A,"yield {\"event\": \"error\", \"data\": str(task.exception())}","Include stack trace: traceback.format_exception(task.exception())",Medium,VERIFIED - Error loses context
SSE Streaming,AMMAP-Code.txt (stream.py),Hardcoded Timeout,N/A,"asyncio.wait_for(queue.get(), timeout=0.5)","Add to config: SSE_POLL_TIMEOUT = float(os.getenv('SSE_POLL_TIMEOUT', '0.5'))",Low,VERIFIED - Should be configurable
,,,,,,,,
=== PipelineStateMachine Code Issues (VERIFIED) ===,,,,,,,,
PipelineStateMachine,AMMAP-Code.txt (state_machine.py),Hardcoded Costs,N/A,"self.costs = {\"openrouter-free\": 0.0, \"cerebras\": 0.0006}","Move to config.py or fetch from OpenRouter API pricing endpoint",Medium,VERIFIED - Costs change frequently
PipelineStateMachine,AMMAP-Code.txt (state_machine.py),Mock Planner,N/A,"Simple heuristic for demo in _step_planning()","Replace with actual AG2/AutoGen planner or rule-based system",High,VERIFIED - Line says 'Simple heuristic for demo'
PipelineStateMachine,AMMAP-Code.txt (state_machine.py),No Retry Logic,N/A,"Tool execution has no retry on transient failures","Add: @retry(stop=stop_after_attempt(3), wait=wait_exponential(min=1, max=10))",Medium,VERIFIED - Single attempt only
PipelineStateMachine,AMMAP-Code.txt (state_machine.py),Missing Type Hints,N/A,"async def emit(self, event_type: str, payload: Any)","payload: SSEEvent or Dict[str, Any] with proper TypedDict",Low,VERIFIED - Any is too broad
,,,,,,,,
=== OpenTelemetry Code Issues (VERIFIED) ===,,,,,,,,
OpenTelemetry,AMMAP-Code.txt (telemetry.py),No Fallback,N/A,"Only console exporter if no OTLP endpoint","Add file-based exporter: FileSpanExporter(file_name='spans.json')",Low,VERIFIED - Logs lost if no collector
OpenTelemetry,AMMAP-Code.txt (telemetry.py),Global State,N/A,"trace.set_tracer_provider(provider)","Consider dependency injection or context manager pattern for testing",Low,VERIFIED - Hard to mock in tests
,,,,,,,,
=== WeatherWidget Code Issues (NEW FROM VERIFICATION) ===,,,,,,,,
WeatherWidget,src/components/WeatherWidget.tsx,Duplicate Function,N/A,"getWeatherIcon() defined identically in WeatherWidget and WeatherCards","Extract to shared utility: src/utils/weatherIcons.ts",Medium,NEW FINDING - DRY violation
WeatherWidget,src/components/WeatherWidget.tsx,Hardcoded Paths,N/A,"'/VCB--S-chat/Weather/Windy.jpeg' etc","Use config: const WEATHER_IMAGE_BASE = import.meta.env.VITE_WEATHER_IMAGE_PATH",Medium,NEW FINDING - Not portable
WeatherWidget,src/components/WeatherWidget.tsx,Console Logs,N/A,"Multiple console.log() for debugging","Remove or use debug utility: DEBUG && console.log()",Low,NEW FINDING - Production noise
,,,,,,,,
=== EnhancedSystemPrompts Issues (NEW FROM VERIFICATION) ===,,,,,,,,
EnhancedSystemPrompts,src/utils/enhancedSystemPrompts.ts,Clean Code,N/A,No major issues,"Well-structured with helper functions. Good separation of concerns.",Info,NEW FINDING - Quality example
EnhancedSystemPrompts,src/utils/enhancedSystemPrompts.ts,Math.random Usage,N/A,"Math.random() for intro selection","Consider seeded random for reproducibility in tests",Low,NEW FINDING - Non-deterministic
,,,,,,,,
=== ConversationManager Issues (NEW FROM VERIFICATION) ===,,,,,,,,
ConversationManager,src/utils/conversationManager.ts,LocalStorage Limit,N/A,"Stores all data in localStorage (5MB limit)","Consider IndexedDB via Dexie for larger storage (Gogga already does this)",Medium,NEW FINDING - VCB uses localStorage
ConversationManager,src/utils/conversationManager.ts,No Encryption,N/A,"Conversations stored in plain text","Add encryption for sensitive data: await crypto.subtle.encrypt()",Medium,NEW FINDING - Privacy concern
,,,,,,,,
=== General Patterns to Adopt (VERIFIED) ===,,,,,,,,
Pattern,All,Type Safety,N/A,"Use strict TypeScript/Python typing","Enable strict mode in tsconfig.json: \"strict\": true and mypy --strict",High,VERIFIED - Prevents runtime errors
Pattern,All,Error Boundaries,N/A,"Wrap async operations","Use try/catch with structured logging and error tracking",Medium,VERIFIED - Improves debugging
Pattern,All,Configuration,N/A,"Hardcoded values throughout","Centralize in config.py / config.ts with env var overrides",Medium,VERIFIED - Deployment flexibility
Pattern,All,Testing,N/A,"Limited test coverage in extracted zip","Add unit tests for state machine transitions, buddy system scoring",High,VERIFIED - timeUtils.test.ts exists
,,,,,,,,
=== Gogga Specific Recommendations ===,,,,,,,,
Recommendation,gogga-backend,Add OTel,N/A,"No observability layer currently","Implement telemetry.py pattern from AMMAP for cost/latency tracking",High,NEW - Based on analysis
Recommendation,gogga-backend,Add SSE Streaming,N/A,"No real-time updates for long operations","Implement stream.py pattern for CePO/RAG progress updates",High,NEW - UX improvement
Recommendation,gogga-frontend,Add BuddySystem,N/A,"No user relationship tracking","Implement buddySystem.ts with fixes for context personalization",Medium,NEW - Engagement feature
Recommendation,gogga-frontend,Enhance Prompts,N/A,"Current prompts less contextual","Merge enhancedSystemPrompts.ts patterns for time-aware responses",Medium,NEW - Quality improvement
